gene_id,rf_acc_score
ILMN_2073758,0.9733333333333334
ILMN_2112357,0.9625
ILMN_1730229,0.9625
ILMN_2376205,0.9616666666666667
ILMN_2112256,0.9616666666666667
ILMN_1784884,0.9616666666666667
ILMN_1781085,0.9616666666666667
ILMN_1762764,0.9616666666666667
ILMN_1756953,0.9616666666666667
ILMN_1729749,0.9608333333333334
ILMN_2196078,0.95
ILMN_1681301,0.9491666666666667
ILMN_1683774,0.9491666666666667
ILMN_1668822,0.9491666666666667
ILMN_1798204,0.9491666666666667
ILMN_1789007,0.9491666666666667
ILMN_2121568,0.9491666666666667
ILMN_1727220,0.9491666666666667
ILMN_2232121,0.9483333333333335
ILMN_1745397,0.9475000000000001
ILMN_1751400,0.9475
ILMN_1715131,0.9366666666666668
ILMN_1783598,0.9366666666666668
ILMN_2223359,0.9366666666666668
ILMN_1815890,0.9358333333333334
ILMN_2290118,0.9358333333333334
ILMN_1721218,0.9358333333333334
ILMN_2115752,0.9349999999999999
ILMN_1789846,0.9349999999999999
ILMN_1669692,0.925
ILMN_2415786,0.9241666666666667
ILMN_3252556,0.9241666666666667
ILMN_1792922,0.9241666666666667
ILMN_2112580,0.9241666666666667
ILMN_2350823,0.9241666666666667
ILMN_1727080,0.9241666666666667
ILMN_3240456,0.9241666666666667
ILMN_1811114,0.9233333333333335
ILMN_2161577,0.9233333333333335
ILMN_1759075,0.9233333333333335
ILMN_1723480,0.9233333333333335
ILMN_1722829,0.9233333333333335
ILMN_2185984,0.9233333333333335
ILMN_1757631,0.9233333333333335
ILMN_1654542,0.9233333333333335
ILMN_1756657,0.9233333333333335
ILMN_2363392,0.9225
ILMN_1674250,0.9225
ILMN_1667224,0.9225
ILMN_2316236,0.9225
ILMN_1774874,0.9216666666666666
ILMN_2088990,0.9116666666666667
ILMN_1760347,0.9116666666666667
ILMN_1782141,0.9116666666666667
ILMN_1811972,0.9116666666666667
ILMN_1789166,0.9108333333333334
ILMN_2348487,0.9108333333333334
ILMN_1732981,0.9108333333333334
ILMN_1701424,0.9108333333333334
ILMN_2320330,0.9108333333333334
ILMN_2125010,0.9100000000000001
ILMN_1701455,0.9100000000000001
ILMN_1683932,0.9100000000000001
ILMN_1773352,0.9099999999999999
ILMN_2085862,0.9099999999999999
ILMN_1690017,0.9099999999999999
ILMN_1695604,0.9
ILMN_2098126,0.8991666666666667
ILMN_1792538,0.8991666666666667
ILMN_1775542,0.8991666666666667
ILMN_1717207,0.8991666666666667
ILMN_2289093,0.8983333333333334
ILMN_1766650,0.8983333333333334
ILMN_2379675,0.8983333333333334
ILMN_2401641,0.8983333333333334
ILMN_1746928,0.8983333333333334
ILMN_1746864,0.8975000000000002
ILMN_1714165,0.8975000000000002
ILMN_2415144,0.8975000000000002
ILMN_1721712,0.8975000000000002
ILMN_1669747,0.8975000000000002
ILMN_1770084,0.8975000000000002
ILMN_2371280,0.8975
ILMN_1751062,0.8975
ILMN_2179717,0.8975
ILMN_1700448,0.8966666666666667
ILMN_2073446,0.8958333333333334
ILMN_2203271,0.8875
ILMN_1795464,0.8866666666666667
ILMN_1782938,0.8866666666666667
ILMN_1669335,0.8866666666666667
ILMN_2370882,0.8866666666666667
ILMN_2091920,0.8866666666666667
ILMN_3245062,0.8866666666666667
ILMN_1668900,0.8866666666666667
ILMN_1760062,0.8858333333333335
ILMN_1744765,0.8858333333333335
ILMN_1776121,0.8858333333333335
ILMN_3238785,0.8858333333333335
ILMN_1700583,0.8858333333333335
ILMN_1656287,0.8850000000000001
ILMN_1726591,0.8850000000000001
ILMN_2230902,0.8850000000000001
ILMN_2377669,0.885
ILMN_2065773,0.885
ILMN_1700268,0.885
ILMN_1767020,0.885
ILMN_1748675,0.885
ILMN_1809384,0.885
ILMN_1784948,0.8841666666666667
ILMN_1763487,0.8841666666666667
ILMN_1749591,0.8841666666666667
ILMN_1679267,0.8841666666666667
ILMN_1653283,0.8841666666666667
ILMN_1693826,0.8833333333333334
ILMN_1808789,0.8741666666666668
ILMN_1765146,0.8741666666666668
ILMN_1760509,0.8733333333333334
ILMN_1663916,0.8733333333333334
ILMN_1718552,0.8733333333333334
ILMN_1669352,0.8733333333333334
ILMN_1778687,0.8733333333333334
ILMN_1720984,0.8733333333333334
ILMN_1700978,0.8733333333333334
ILMN_1668910,0.8733333333333334
ILMN_1666932,0.8725000000000002
ILMN_1688580,0.8724999999999999
ILMN_1716309,0.8724999999999999
ILMN_1740169,0.8724999999999999
ILMN_3240901,0.8724999999999999
ILMN_2100209,0.8716666666666667
ILMN_1787897,0.8716666666666667
ILMN_1714602,0.8716666666666667
ILMN_1663873,0.8716666666666667
ILMN_1804461,0.8716666666666667
ILMN_3243142,0.8716666666666667
ILMN_1707591,0.8708333333333333
ILMN_1773262,0.8708333333333333
ILMN_2176467,0.8708333333333333
ILMN_1790692,0.8708333333333333
ILMN_2388547,0.8708333333333333
ILMN_1735347,0.8708333333333333
ILMN_1691264,0.8708333333333332
ILMN_1754279,0.8700000000000001
ILMN_1727360,0.8699999999999999
ILMN_2345898,0.8616666666666667
ILMN_2042651,0.8616666666666667
ILMN_3235514,0.8616666666666667
ILMN_1703538,0.8616666666666667
ILMN_3247560,0.8608333333333335
ILMN_1719975,0.8608333333333335
ILMN_1708375,0.8608333333333335
ILMN_2347798,0.8608333333333335
ILMN_2406501,0.8608333333333335
ILMN_1760990,0.8600000000000001
ILMN_1774901,0.8600000000000001
ILMN_1655913,0.8600000000000001
ILMN_2153787,0.86
ILMN_1717029,0.86
ILMN_1795181,0.86
ILMN_1675325,0.86
ILMN_1672417,0.86
ILMN_1809613,0.86
ILMN_1688103,0.86
ILMN_1774685,0.8591666666666666
ILMN_2124585,0.8591666666666666
ILMN_1761574,0.8591666666666666
ILMN_1714093,0.8591666666666666
ILMN_1796316,0.8591666666666666
ILMN_1714167,0.8583333333333334
ILMN_2404154,0.8583333333333332
ILMN_2137789,0.8583333333333332
ILMN_1804415,0.8583333333333332
ILMN_2154052,0.8583333333333332
ILMN_1667948,0.8574999999999999
ILMN_1714118,0.8574999999999999
ILMN_2054019,0.8574999999999999
ILMN_1718832,0.8574999999999999
ILMN_1660125,0.8483333333333334
ILMN_2237252,0.8483333333333334
ILMN_1687825,0.8475000000000001
ILMN_1811933,0.8475000000000001
ILMN_2196569,0.8475000000000001
ILMN_1711786,0.8474999999999999
ILMN_1668063,0.8474999999999999
ILMN_1775432,0.8474999999999999
ILMN_2214232,0.8474999999999999
ILMN_1709237,0.8474999999999999
ILMN_1770725,0.8474999999999999
ILMN_1702065,0.8474999999999999
ILMN_1685012,0.8474999999999999
ILMN_1721978,0.8466666666666667
ILMN_1668863,0.8466666666666667
ILMN_1794364,0.8466666666666667
ILMN_1806030,0.8466666666666667
ILMN_2191967,0.8466666666666667
ILMN_1699809,0.8466666666666667
ILMN_1706094,0.8466666666666667
ILMN_1773363,0.8458333333333334
ILMN_2351638,0.8458333333333334
ILMN_2366445,0.8458333333333334
ILMN_1660871,0.8458333333333334
ILMN_1784333,0.8458333333333334
ILMN_1814661,0.8458333333333334
ILMN_1745904,0.8458333333333334
ILMN_1793537,0.8458333333333332
ILMN_1689176,0.8458333333333332
ILMN_1695621,0.8458333333333332
ILMN_1687785,0.8458333333333332
ILMN_1677680,0.8450000000000001
ILMN_2266595,0.845
ILMN_1719547,0.8441666666666666
ILMN_1775073,0.8441666666666666
ILMN_1763452,0.8366666666666667
ILMN_1808732,0.8358333333333334
ILMN_1786810,0.8358333333333334
ILMN_1692340,0.8358333333333334
ILMN_1811238,0.8350000000000002
ILMN_2352380,0.8350000000000002
ILMN_1755658,0.8350000000000002
ILMN_1669927,0.8350000000000002
ILMN_2038776,0.8350000000000002
ILMN_1713731,0.835
ILMN_1808824,0.835
ILMN_1657871,0.835
ILMN_2356955,0.835
ILMN_1736548,0.835
ILMN_1765076,0.835
ILMN_2057479,0.8341666666666667
ILMN_1718898,0.8341666666666667
ILMN_1667079,0.8341666666666667
ILMN_1683121,0.8341666666666667
ILMN_1668507,0.8341666666666667
ILMN_1726175,0.8341666666666667
ILMN_2246882,0.8341666666666667
ILMN_2144663,0.8341666666666667
ILMN_2067895,0.8341666666666667
ILMN_1802888,0.8341666666666667
ILMN_1812902,0.8341666666666667
ILMN_1723912,0.8341666666666667
ILMN_2142752,0.8341666666666667
ILMN_1660880,0.8341666666666667
ILMN_1678841,0.8333333333333334
ILMN_2345564,0.8333333333333334
ILMN_1804279,0.8333333333333334
ILMN_1705107,0.8333333333333334
ILMN_2227533,0.8333333333333334
ILMN_1735996,0.8333333333333333
ILMN_1779524,0.8333333333333333
ILMN_3306730,0.8333333333333333
ILMN_1679483,0.8333333333333333
ILMN_3246529,0.8333333333333333
ILMN_2109489,0.8324999999999999
ILMN_2366041,0.8324999999999999
ILMN_1815619,0.8324999999999999
ILMN_1653824,0.8316666666666667
ILMN_1655702,0.8316666666666667
ILMN_1720113,0.8241666666666667
ILMN_1740917,0.8233333333333335
ILMN_3240216,0.8233333333333335
ILMN_1678238,0.8233333333333335
ILMN_1762861,0.8225000000000001
ILMN_1801584,0.8225000000000001
ILMN_1790218,0.8225000000000001
ILMN_1736112,0.8225000000000001
ILMN_1775016,0.8225000000000001
ILMN_1768449,0.8225000000000001
ILMN_1698554,0.8225
ILMN_3223126,0.8216666666666667
ILMN_2055781,0.8216666666666667
ILMN_1691846,0.8216666666666667
ILMN_1727992,0.8216666666666667
ILMN_1671392,0.8216666666666667
ILMN_1724994,0.8216666666666667
ILMN_2091792,0.8216666666666667
ILMN_1680314,0.8216666666666667
ILMN_1663347,0.8216666666666667
ILMN_2162253,0.8216666666666667
ILMN_2145501,0.8216666666666667
ILMN_1764508,0.8216666666666667
ILMN_2341548,0.8216666666666667
ILMN_1658384,0.8208333333333334
ILMN_3307757,0.8208333333333334
ILMN_1748751,0.8208333333333334
ILMN_1712066,0.8208333333333334
ILMN_1704154,0.8208333333333334
ILMN_1658094,0.8208333333333334
ILMN_2376204,0.8208333333333334
ILMN_2389273,0.8208333333333334
ILMN_2049184,0.8208333333333334
ILMN_1761961,0.8208333333333334
ILMN_1658962,0.8208333333333332
ILMN_1718299,0.8208333333333332
ILMN_1753143,0.8208333333333332
ILMN_1759563,0.8208333333333332
ILMN_2166457,0.8208333333333332
ILMN_1798855,0.8208333333333332
ILMN_1813837,0.8208333333333332
ILMN_2281502,0.8208333333333332
ILMN_2288928,0.8208333333333332
ILMN_1691290,0.82
ILMN_1654074,0.82
ILMN_1741847,0.82
ILMN_1772206,0.82
ILMN_1744614,0.82
ILMN_1734707,0.82
ILMN_1692049,0.82
ILMN_1664750,0.82
ILMN_1730454,0.8191666666666666
ILMN_1784459,0.8191666666666666
ILMN_1655867,0.8191666666666666
ILMN_1679391,0.8191666666666666
ILMN_1732398,0.8191666666666666
ILMN_2223350,0.8191666666666666
ILMN_1655915,0.8191666666666666
ILMN_2413041,0.8191666666666666
ILMN_1673357,0.8191666666666666
ILMN_1680111,0.8183333333333334
ILMN_2254635,0.8183333333333334
ILMN_1728262,0.8116666666666668
ILMN_1721774,0.8108333333333334
ILMN_1687625,0.8100000000000002
ILMN_1803647,0.8099999999999999
ILMN_1806787,0.8099999999999999
ILMN_1811239,0.8091666666666667
ILMN_2325506,0.8091666666666667
ILMN_1695311,0.8091666666666667
ILMN_2363658,0.8091666666666667
ILMN_1807491,0.8091666666666667
ILMN_3243061,0.8091666666666667
ILMN_2066151,0.8091666666666667
ILMN_2043126,0.8091666666666667
ILMN_1797822,0.8091666666666667
ILMN_1680192,0.8083333333333333
ILMN_1740429,0.8083333333333333
ILMN_1805410,0.8083333333333333
ILMN_1795435,0.8083333333333333
ILMN_1729288,0.8083333333333332
ILMN_1781514,0.8083333333333332
ILMN_1651800,0.8083333333333332
ILMN_1776181,0.8083333333333332
ILMN_2236726,0.8083333333333332
ILMN_1808011,0.8083333333333332
ILMN_1704222,0.8083333333333332
ILMN_1708303,0.8083333333333332
ILMN_1665357,0.8075000000000001
ILMN_2239754,0.8074999999999999
ILMN_1660729,0.8074999999999999
ILMN_1712673,0.8074999999999999
ILMN_1742145,0.8074999999999999
ILMN_2395214,0.8074999999999999
ILMN_1742427,0.8074999999999999
ILMN_1721758,0.8074999999999999
ILMN_2332558,0.8074999999999999
ILMN_1734878,0.8066666666666666
ILMN_2326953,0.8066666666666666
ILMN_1785699,0.8066666666666666
ILMN_1724149,0.8066666666666666
ILMN_1803561,0.8066666666666666
ILMN_2404407,0.8066666666666666
ILMN_1731506,0.8058333333333334
ILMN_1672545,0.8058333333333334
ILMN_1813091,0.8058333333333334
ILMN_1724480,0.8058333333333334
ILMN_1789909,0.8058333333333334
ILMN_1656837,0.805
ILMN_1757255,0.7975000000000001
ILMN_2396991,0.7975
ILMN_1651354,0.7975
ILMN_2123119,0.7975
ILMN_1734740,0.7966666666666666
ILMN_1680054,0.7966666666666666
ILMN_2085012,0.7966666666666666
ILMN_1741165,0.7966666666666666
ILMN_2094061,0.7966666666666666
ILMN_1709623,0.7966666666666666
ILMN_1706426,0.7966666666666666
ILMN_1689329,0.7966666666666666
ILMN_1791759,0.7958333333333334
ILMN_2094942,0.7958333333333334
ILMN_1714296,0.7958333333333334
ILMN_1691180,0.7958333333333334
ILMN_1708743,0.7958333333333334
ILMN_1763491,0.7958333333333334
ILMN_1731048,0.7958333333333333
ILMN_2354237,0.7958333333333333
ILMN_2102422,0.7958333333333333
ILMN_2342579,0.7958333333333333
ILMN_2170209,0.795
ILMN_1678816,0.795
ILMN_2328327,0.795
ILMN_1676924,0.795
ILMN_1703108,0.795
ILMN_1787127,0.795
ILMN_1796925,0.795
ILMN_2170949,0.795
ILMN_2349459,0.7949999999999999
ILMN_1737252,0.7949999999999999
ILMN_2377109,0.7949999999999999
ILMN_1797926,0.7949999999999999
ILMN_1689004,0.7949999999999999
ILMN_1790761,0.7941666666666667
ILMN_1813379,0.7941666666666667
ILMN_2355486,0.7941666666666667
ILMN_1784287,0.7941666666666667
ILMN_1760647,0.7941666666666667
ILMN_2105441,0.7941666666666667
ILMN_2232463,0.7941666666666667
ILMN_1791123,0.7933333333333333
ILMN_1661861,0.7933333333333333
ILMN_1754921,0.7933333333333333
ILMN_1725519,0.7933333333333333
ILMN_1720889,0.7933333333333333
ILMN_1770612,0.7933333333333332
ILMN_2090004,0.7925000000000001
ILMN_1756312,0.7925
ILMN_1666191,0.7925
ILMN_2348905,0.7858333333333334
ILMN_3243928,0.7841666666666667
ILMN_2125346,0.7841666666666667
ILMN_1701789,0.7841666666666667
ILMN_1784774,0.7833333333333334
ILMN_3229266,0.7833333333333334
ILMN_1715065,0.7833333333333334
ILMN_2292178,0.7833333333333334
ILMN_2411511,0.7833333333333334
ILMN_3246037,0.7833333333333334
ILMN_1807529,0.7833333333333334
ILMN_1774432,0.7833333333333334
ILMN_1773427,0.7833333333333334
ILMN_2171023,0.7833333333333334
ILMN_1764431,0.7833333333333334
ILMN_2082893,0.7833333333333333
ILMN_2050246,0.7833333333333333
ILMN_2095660,0.7833333333333333
ILMN_2134130,0.7833333333333333
ILMN_1786328,0.7833333333333333
ILMN_1784036,0.7825
ILMN_2370336,0.7825
ILMN_1660501,0.7825
ILMN_1797975,0.7825
ILMN_1724367,0.7825
ILMN_1773042,0.7825
ILMN_1739985,0.7825
ILMN_1677404,0.7825
ILMN_1712628,0.7825
ILMN_2401822,0.7825
ILMN_1709590,0.7825
ILMN_1673275,0.7825
ILMN_1768582,0.7825
ILMN_1680104,0.7825
ILMN_1684402,0.7825
ILMN_1786396,0.7825
ILMN_1781285,0.7825
ILMN_1783709,0.7825
ILMN_1702175,0.7825
ILMN_1753472,0.7825
ILMN_2407879,0.7816666666666667
ILMN_1696463,0.7816666666666666
ILMN_1677564,0.7816666666666666
ILMN_1771494,0.7816666666666666
ILMN_1813350,0.7816666666666666
ILMN_1668125,0.7816666666666666
ILMN_1699925,0.7816666666666666
ILMN_1712719,0.7816666666666666
ILMN_2067607,0.7816666666666666
ILMN_1783244,0.7808333333333334
ILMN_2386849,0.7808333333333334
ILMN_2240003,0.7808333333333334
ILMN_1690863,0.7808333333333334
ILMN_1706764,0.7808333333333334
ILMN_1810729,0.7808333333333333
ILMN_2413644,0.78
ILMN_1797372,0.78
ILMN_1797735,0.78
ILMN_2340217,0.7791666666666666
ILMN_1664826,0.7725000000000001
ILMN_3247261,0.7725
ILMN_1809323,0.7716666666666667
ILMN_2404903,0.7716666666666667
ILMN_1659058,0.7716666666666667
ILMN_2402341,0.7716666666666667
ILMN_1712487,0.7716666666666667
ILMN_2317581,0.7716666666666667
ILMN_1681721,0.7708333333333334
ILMN_1717197,0.7708333333333334
ILMN_2074044,0.7708333333333334
ILMN_1709681,0.7708333333333334
ILMN_1691926,0.7708333333333334
ILMN_3236825,0.7708333333333334
ILMN_1698732,0.7708333333333334
ILMN_2076600,0.7708333333333334
ILMN_1686981,0.7708333333333334
ILMN_1802151,0.7708333333333334
ILMN_1778010,0.7708333333333333
ILMN_1784207,0.7708333333333333
ILMN_1803624,0.7708333333333333
ILMN_1678939,0.77
ILMN_1746652,0.77
ILMN_1702221,0.77
ILMN_1748004,0.77
ILMN_3240287,0.77
ILMN_2225144,0.77
ILMN_1772370,0.77
ILMN_1795007,0.77
ILMN_2364272,0.77
ILMN_1654504,0.7699999999999999
ILMN_1671486,0.7699999999999999
ILMN_2100357,0.7699999999999999
ILMN_1775708,0.7699999999999999
ILMN_1796018,0.7699999999999999
ILMN_1786720,0.7699999999999999
ILMN_1660305,0.7699999999999999
ILMN_1758323,0.7691666666666668
ILMN_2314169,0.7691666666666667
ILMN_1726448,0.7691666666666667
ILMN_1814583,0.7691666666666667
ILMN_1781745,0.7691666666666667
ILMN_2413779,0.7691666666666667
ILMN_2300664,0.7691666666666667
ILMN_1713266,0.7691666666666667
ILMN_1688959,0.7691666666666667
ILMN_2319952,0.7691666666666667
ILMN_1690304,0.7691666666666667
ILMN_1709795,0.7691666666666667
ILMN_1804735,0.7691666666666667
ILMN_1651365,0.7691666666666667
ILMN_1661895,0.7691666666666667
ILMN_1720231,0.7691666666666667
ILMN_2388800,0.7691666666666667
ILMN_1800130,0.7691666666666667
ILMN_1687858,0.7691666666666667
ILMN_1700834,0.7691666666666667
ILMN_2231051,0.7691666666666667
ILMN_1700955,0.7691666666666667
ILMN_2149494,0.7683333333333333
ILMN_1740555,0.7683333333333333
ILMN_2087692,0.7683333333333333
ILMN_1767322,0.7683333333333333
ILMN_1708107,0.7683333333333333
ILMN_1764861,0.7683333333333333
ILMN_2086143,0.7683333333333333
ILMN_2258749,0.7683333333333333
ILMN_2114568,0.7683333333333333
ILMN_1714800,0.7683333333333333
ILMN_1745852,0.7683333333333333
ILMN_3305339,0.7683333333333333
ILMN_1725193,0.7683333333333333
ILMN_1813489,0.7683333333333333
ILMN_1709124,0.7675
ILMN_2194106,0.7675
ILMN_2386530,0.7666666666666666
ILMN_2405009,0.7666666666666666
ILMN_1683905,0.7658333333333334
ILMN_1794825,0.76
ILMN_1690621,0.76
ILMN_1716264,0.7591666666666667
ILMN_2312340,0.7591666666666667
ILMN_1779522,0.7591666666666667
ILMN_1653358,0.7591666666666667
ILMN_1749639,0.7591666666666667
ILMN_1674344,0.7591666666666667
ILMN_1657750,0.7583333333333334
ILMN_1788005,0.7583333333333334
ILMN_1746588,0.7583333333333334
ILMN_1711542,0.7583333333333334
ILMN_1778143,0.7583333333333334
ILMN_2376723,0.7583333333333334
ILMN_1794470,0.7583333333333334
ILMN_1776363,0.7583333333333333
ILMN_2355971,0.7583333333333333
ILMN_1779252,0.7583333333333333
ILMN_1799106,0.7583333333333333
ILMN_1690125,0.7575000000000001
ILMN_2306189,0.7575000000000001
ILMN_1773017,0.7575000000000001
ILMN_1676575,0.7575000000000001
ILMN_1691333,0.7575000000000001
ILMN_2323933,0.7575000000000001
ILMN_1773459,0.7575000000000001
ILMN_1771601,0.7575000000000001
ILMN_1768505,0.7575000000000001
ILMN_2352563,0.7575000000000001
ILMN_2096405,0.7575000000000001
ILMN_1810855,0.7575
ILMN_2153373,0.7575
ILMN_1797236,0.7575
ILMN_2224486,0.7575
ILMN_1722898,0.7575
ILMN_1813491,0.7575
ILMN_1666471,0.7575
ILMN_2160727,0.7575
ILMN_2106902,0.7575
ILMN_2365023,0.7566666666666666
ILMN_2360307,0.7566666666666666
ILMN_1672382,0.7566666666666666
ILMN_1740706,0.7566666666666666
ILMN_3226807,0.7566666666666666
ILMN_1781388,0.7566666666666666
ILMN_1813175,0.7566666666666666
ILMN_1678919,0.7566666666666666
ILMN_1684873,0.7566666666666666
ILMN_1800739,0.7566666666666666
ILMN_1788793,0.7566666666666666
ILMN_1654609,0.7566666666666666
ILMN_1779324,0.7566666666666666
ILMN_1694603,0.7566666666666666
ILMN_2193233,0.7558333333333334
ILMN_1738300,0.7558333333333334
ILMN_1806667,0.7558333333333334
ILMN_1701195,0.7558333333333334
ILMN_2150000,0.7558333333333334
ILMN_1791438,0.7558333333333334
ILMN_1707156,0.7558333333333334
ILMN_2388272,0.7558333333333334
ILMN_1751346,0.7558333333333332
ILMN_2395981,0.7558333333333332
ILMN_1656165,0.7558333333333332
ILMN_2224833,0.7558333333333332
ILMN_2321416,0.7558333333333332
ILMN_1690420,0.755
ILMN_1665943,0.755
ILMN_1661309,0.755
ILMN_2405018,0.755
ILMN_2075065,0.755
ILMN_2197030,0.755
ILMN_1735014,0.755
ILMN_1687319,0.755
ILMN_1659857,0.755
ILMN_2413323,0.7541666666666667
ILMN_1667564,0.7541666666666667
ILMN_1736729,0.7533333333333333
ILMN_2321153,0.7533333333333333
ILMN_1753449,0.7533333333333333
ILMN_1703226,0.7474999999999999
ILMN_1704500,0.7466666666666667
ILMN_1769550,0.7466666666666667
ILMN_2101719,0.7466666666666667
ILMN_1710326,0.7466666666666667
ILMN_1676305,0.7458333333333333
ILMN_1723274,0.7458333333333333
ILMN_1707077,0.7458333333333333
ILMN_1746029,0.7458333333333333
ILMN_1784753,0.7458333333333333
ILMN_1759175,0.7458333333333333
ILMN_1666731,0.7458333333333333
ILMN_1720799,0.7458333333333333
ILMN_1684663,0.7458333333333333
ILMN_2071809,0.7458333333333333
ILMN_1809537,0.7458333333333333
ILMN_1712162,0.7458333333333333
ILMN_2075189,0.7458333333333333
ILMN_2045419,0.7458333333333333
ILMN_1659845,0.7458333333333333
ILMN_1780141,0.7458333333333333
ILMN_1702105,0.7458333333333333
ILMN_2222008,0.7458333333333333
ILMN_1815205,0.7458333333333333
ILMN_1809364,0.745
ILMN_2067890,0.745
ILMN_1717248,0.745
ILMN_3305304,0.745
ILMN_1769082,0.745
ILMN_3243381,0.745
ILMN_2081813,0.7449999999999999
ILMN_1769129,0.7449999999999999
ILMN_1751020,0.7449999999999999
ILMN_1785831,0.7449999999999999
ILMN_1698487,0.7449999999999999
ILMN_1692121,0.7449999999999999
ILMN_2363065,0.7449999999999999
ILMN_1691506,0.7449999999999999
ILMN_2205050,0.7441666666666668
ILMN_2184373,0.7441666666666666
ILMN_1657058,0.7441666666666666
ILMN_2149815,0.7441666666666666
ILMN_1696512,0.7441666666666666
ILMN_1752281,0.7441666666666666
ILMN_1775304,0.7441666666666666
ILMN_1759117,0.7441666666666666
ILMN_1741159,0.7441666666666666
ILMN_2365686,0.7441666666666666
ILMN_1683405,0.7441666666666666
ILMN_1711878,0.7441666666666666
ILMN_1808584,0.7441666666666666
ILMN_1781516,0.7441666666666666
ILMN_1746888,0.7433333333333334
ILMN_1673191,0.7433333333333334
ILMN_1787186,0.7433333333333334
ILMN_1724837,0.7433333333333334
ILMN_1661454,0.7433333333333334
ILMN_2331729,0.7433333333333334
ILMN_2322499,0.7433333333333334
ILMN_2406043,0.7433333333333334
ILMN_2229839,0.7433333333333334
ILMN_3237703,0.7433333333333334
ILMN_1720433,0.7433333333333334
ILMN_2370241,0.7433333333333334
ILMN_1686254,0.7433333333333334
ILMN_1660199,0.7433333333333334
ILMN_1659836,0.7433333333333334
ILMN_1729915,0.7433333333333334
ILMN_1755786,0.7433333333333333
ILMN_1705579,0.7433333333333333
ILMN_1768867,0.7433333333333333
ILMN_1785297,0.7433333333333333
ILMN_1696021,0.7433333333333333
ILMN_1729318,0.7433333333333333
ILMN_2223561,0.7425
ILMN_1765607,0.7425
ILMN_2335557,0.7425
ILMN_1673867,0.7424999999999999
ILMN_3241441,0.7424999999999999
ILMN_3245605,0.7424999999999999
ILMN_1758731,0.7424999999999999
ILMN_1766896,0.7424999999999999
ILMN_1758049,0.7424999999999999
ILMN_1730218,0.7424999999999999
ILMN_1781039,0.7424999999999999
ILMN_1701386,0.7424999999999999
ILMN_2408908,0.7424999999999999
ILMN_1676215,0.7416666666666666
ILMN_2405297,0.7416666666666666
ILMN_1794165,0.7408333333333333
ILMN_2172091,0.7408333333333333
ILMN_2161746,0.7408333333333333
ILMN_1734655,0.7350000000000001
ILMN_1726245,0.7341666666666666
ILMN_1673543,0.7341666666666666
ILMN_1789096,0.7341666666666666
ILMN_2228180,0.7341666666666666
ILMN_1753249,0.7341666666666666
ILMN_1665471,0.7341666666666666
ILMN_1779279,0.7341666666666666
ILMN_1767253,0.7341666666666666
ILMN_1685810,0.7341666666666666
ILMN_1788942,0.7333333333333334
ILMN_2095597,0.7333333333333334
ILMN_1659782,0.7333333333333334
ILMN_1695606,0.7333333333333334
ILMN_3243156,0.7333333333333334
ILMN_1773760,0.7333333333333334
ILMN_1690105,0.7333333333333334
ILMN_1734021,0.7333333333333333
ILMN_1687888,0.7325
ILMN_1707467,0.7325
ILMN_1801040,0.7325
ILMN_1727001,0.7325
ILMN_2099745,0.7325
ILMN_2391264,0.7325
ILMN_1658071,0.7325
ILMN_1712914,0.7324999999999999
ILMN_1666004,0.7324999999999999
ILMN_1808674,0.7324999999999999
ILMN_1724265,0.7324999999999999
ILMN_1813685,0.7324999999999999
ILMN_1746359,0.7324999999999999
ILMN_1799589,0.7324999999999999
ILMN_2360415,0.7316666666666667
ILMN_1815388,0.7316666666666667
ILMN_1671765,0.7316666666666667
ILMN_2133996,0.7316666666666667
ILMN_2106331,0.7316666666666667
ILMN_3224926,0.7316666666666667
ILMN_2051867,0.7316666666666667
ILMN_1702247,0.7316666666666667
ILMN_1682259,0.7316666666666667
ILMN_1709479,0.7316666666666667
ILMN_1765060,0.7316666666666667
ILMN_1717674,0.7316666666666667
ILMN_1653133,0.7316666666666667
ILMN_1745779,0.7316666666666667
ILMN_1813800,0.7316666666666667
ILMN_2186137,0.7316666666666667
ILMN_1676423,0.7316666666666667
ILMN_2098013,0.7308333333333333
ILMN_1698367,0.7308333333333333
ILMN_1657708,0.7308333333333333
ILMN_1706519,0.7308333333333333
ILMN_1676449,0.7308333333333333
ILMN_1772627,0.7308333333333333
ILMN_1656111,0.7308333333333333
ILMN_1707596,0.7308333333333333
ILMN_1786335,0.7308333333333333
ILMN_2197577,0.7308333333333333
ILMN_1814985,0.7308333333333333
ILMN_3197097,0.7308333333333333
ILMN_1751839,0.7308333333333333
ILMN_2247594,0.7308333333333333
ILMN_1704247,0.7308333333333333
ILMN_1755215,0.7308333333333332
ILMN_1656310,0.7308333333333332
ILMN_1702322,0.7308333333333332
ILMN_1722532,0.7308333333333332
ILMN_1766925,0.7308333333333332
ILMN_2084836,0.7300000000000001
ILMN_1810055,0.7300000000000001
ILMN_1718395,0.7300000000000001
ILMN_1688231,0.73
ILMN_1781400,0.73
ILMN_2374340,0.73
ILMN_1786976,0.73
ILMN_1747775,0.73
ILMN_1677385,0.73
ILMN_1670708,0.73
ILMN_1677968,0.73
ILMN_1765779,0.7291666666666667
ILMN_1706901,0.7291666666666667
ILMN_1769925,0.7291666666666666
ILMN_2389347,0.7291666666666666
ILMN_1802646,0.7291666666666666
ILMN_1696615,0.7291666666666666
ILMN_1726266,0.7283333333333333
ILMN_1656560,0.7283333333333333
ILMN_1784532,0.7283333333333333
ILMN_2396672,0.7283333333333333
ILMN_1678627,0.7283333333333333
ILMN_1736242,0.7225
ILMN_3243890,0.7216666666666667
ILMN_1758679,0.7208333333333333
ILMN_2044645,0.72
ILMN_1789186,0.72
ILMN_1750790,0.72
ILMN_1716465,0.72
ILMN_1780649,0.72
ILMN_1659122,0.72
ILMN_2220739,0.72
ILMN_2358540,0.72
ILMN_2089167,0.72
ILMN_3251155,0.72
ILMN_1697703,0.72
ILMN_1808395,0.7191666666666667
ILMN_3243924,0.7191666666666666
ILMN_2328363,0.7191666666666666
ILMN_1676880,0.7191666666666666
ILMN_2299450,0.7191666666666666
ILMN_1751243,0.7191666666666666
ILMN_1686906,0.7191666666666666
ILMN_1785960,0.7191666666666666
ILMN_1685709,0.7191666666666666
ILMN_1768077,0.7191666666666666
ILMN_1731135,0.7191666666666666
ILMN_1787705,0.7191666666666666
ILMN_1671427,0.7191666666666666
ILMN_2075476,0.7183333333333334
ILMN_1688279,0.7183333333333334
ILMN_1766165,0.7183333333333334
ILMN_1800626,0.7183333333333334
ILMN_1663092,0.7183333333333334
ILMN_1696295,0.7183333333333334
ILMN_1714349,0.7183333333333334
ILMN_1778681,0.7183333333333334
ILMN_3307025,0.7183333333333334
ILMN_1735432,0.7183333333333334
ILMN_2214955,0.7183333333333334
ILMN_2085362,0.7183333333333333
ILMN_1657993,0.7183333333333333
ILMN_2094952,0.7183333333333333
ILMN_1712687,0.7183333333333333
ILMN_2131293,0.7175
ILMN_1790197,0.7175
ILMN_1790228,0.7175
ILMN_1698159,0.7175
ILMN_2366463,0.7175
ILMN_3251691,0.7175
ILMN_1682599,0.7175
ILMN_1760688,0.7175
ILMN_1702698,0.7175
ILMN_1653652,0.7175
ILMN_1712916,0.7175
ILMN_2148527,0.7175
ILMN_2401155,0.7175
ILMN_1662619,0.7175
ILMN_2134723,0.7175
ILMN_1760858,0.7175
ILMN_1708513,0.7175
ILMN_1743950,0.7175
ILMN_1756522,0.7175
ILMN_1805996,0.7175
ILMN_1799575,0.7166666666666667
ILMN_1677684,0.7166666666666667
ILMN_3236307,0.7166666666666667
ILMN_2213558,0.7166666666666667
ILMN_1724376,0.7166666666666667
ILMN_2293758,0.7166666666666667
ILMN_1681503,0.7166666666666667
ILMN_1736976,0.7166666666666667
ILMN_3238889,0.7166666666666667
ILMN_1783798,0.7166666666666667
ILMN_1771964,0.7166666666666667
ILMN_1663646,0.7166666666666666
ILMN_1798189,0.7166666666666666
ILMN_2103107,0.7166666666666666
ILMN_1720542,0.7166666666666666
ILMN_1712088,0.7166666666666666
ILMN_2357419,0.7166666666666666
ILMN_2413158,0.7166666666666666
ILMN_1656682,0.7166666666666666
ILMN_2234343,0.7166666666666666
ILMN_1671494,0.7166666666666666
ILMN_1695093,0.7166666666666666
ILMN_2239774,0.7158333333333333
ILMN_1736078,0.7158333333333333
ILMN_1787981,0.7158333333333333
ILMN_1776602,0.7158333333333333
ILMN_1723358,0.7150000000000001
ILMN_1673215,0.7091666666666667
ILMN_1718988,0.7083333333333334
ILMN_1699358,0.7083333333333334
ILMN_2403965,0.7083333333333333
ILMN_3239435,0.7083333333333333
ILMN_1705737,0.7083333333333333
ILMN_1709894,0.7083333333333333
ILMN_1719204,0.7075
ILMN_1677824,0.7075
ILMN_1793241,0.7075
ILMN_1692962,0.7075
ILMN_3263329,0.7075
ILMN_1783805,0.7066666666666667
ILMN_1777405,0.7066666666666667
ILMN_2353161,0.7066666666666667
ILMN_1775008,0.7066666666666667
ILMN_1701881,0.7066666666666667
ILMN_1787115,0.7066666666666667
ILMN_1758542,0.7066666666666667
ILMN_2162972,0.7066666666666667
ILMN_1734855,0.7066666666666667
ILMN_2104295,0.7066666666666667
ILMN_1682727,0.7066666666666667
ILMN_1759488,0.7066666666666667
ILMN_1667561,0.7066666666666667
ILMN_1706413,0.7066666666666667
ILMN_1773576,0.7066666666666667
ILMN_1697733,0.7066666666666667
ILMN_2343278,0.7066666666666667
ILMN_1752813,0.7066666666666667
ILMN_1747771,0.7066666666666667
ILMN_2221673,0.7066666666666667
ILMN_2368530,0.7058333333333333
ILMN_1785785,0.7058333333333333
ILMN_1755138,0.7058333333333333
ILMN_2101034,0.7058333333333333
ILMN_1721762,0.7058333333333333
ILMN_2288232,0.7058333333333333
ILMN_3251264,0.7058333333333333
ILMN_2181892,0.7058333333333333
ILMN_1712298,0.7058333333333333
ILMN_2192072,0.7058333333333333
ILMN_1709333,0.7058333333333333
ILMN_2364384,0.7058333333333333
ILMN_1688631,0.7058333333333333
ILMN_1731941,0.7058333333333333
ILMN_1745242,0.7058333333333333
ILMN_1792182,0.7058333333333333
ILMN_3180989,0.7058333333333333
ILMN_1761945,0.7058333333333333
ILMN_2297824,0.7058333333333333
ILMN_1761425,0.7058333333333333
ILMN_2174189,0.7058333333333333
ILMN_1662846,0.7058333333333333
ILMN_1715024,0.7058333333333333
ILMN_1733603,0.7058333333333333
ILMN_1652753,0.7058333333333333
ILMN_1659523,0.7058333333333333
ILMN_1788213,0.7058333333333333
ILMN_1806752,0.7058333333333333
ILMN_1675927,0.7050000000000001
ILMN_1711514,0.7050000000000001
ILMN_3307921,0.705
ILMN_1693494,0.705
ILMN_3233388,0.705
ILMN_1779448,0.705
ILMN_3235113,0.705
ILMN_2344850,0.705
ILMN_1700507,0.705
ILMN_2271149,0.705
ILMN_2187487,0.705
ILMN_1708151,0.705
ILMN_1684357,0.705
ILMN_1737650,0.705
ILMN_2245305,0.705
ILMN_2323526,0.705
ILMN_1741755,0.705
ILMN_1740927,0.705
ILMN_3246060,0.7041666666666667
ILMN_1652237,0.7041666666666667
ILMN_1809708,0.7041666666666667
ILMN_1749044,0.7041666666666666
ILMN_1773369,0.7041666666666666
ILMN_2261627,0.7041666666666666
ILMN_3241554,0.7033333333333334
ILMN_1794823,0.7033333333333334
ILMN_1719660,0.7033333333333334
ILMN_1804351,0.7033333333333334
ILMN_1685446,0.7033333333333334
ILMN_1723035,0.7033333333333334
ILMN_2105573,0.7033333333333334
ILMN_1689156,0.7033333333333334
ILMN_1682937,0.7033333333333334
ILMN_1657295,0.7033333333333334
ILMN_2182531,0.7033333333333334
ILMN_2141941,0.7033333333333334
ILMN_3224934,0.7033333333333334
ILMN_1775359,0.7033333333333334
ILMN_2388484,0.7033333333333334
ILMN_2134056,0.7025
ILMN_1652056,0.7025
ILMN_3307906,0.7024999999999999
ILMN_1718202,0.6966666666666667
ILMN_1742238,0.6958333333333334
ILMN_1698646,0.6958333333333333
ILMN_1675210,0.6958333333333333
ILMN_1725705,0.6950000000000001
ILMN_1807994,0.6950000000000001
ILMN_1716859,0.6950000000000001
ILMN_2341254,0.6950000000000001
ILMN_1699440,0.6950000000000001
ILMN_2324776,0.695
ILMN_1684704,0.6941666666666667
ILMN_1690907,0.6941666666666666
ILMN_2166696,0.6941666666666666
ILMN_1813270,0.6941666666666666
ILMN_1729191,0.6941666666666666
ILMN_2396639,0.6941666666666666
ILMN_2090123,0.6941666666666666
ILMN_1802457,0.6941666666666666
ILMN_1749239,0.6941666666666666
ILMN_1676983,0.6941666666666666
ILMN_1762766,0.6941666666666666
ILMN_2108938,0.6941666666666666
ILMN_1686553,0.6941666666666666
ILMN_1787441,0.6941666666666666
ILMN_1805737,0.6941666666666666
ILMN_2397880,0.6941666666666666
ILMN_1711124,0.6941666666666666
ILMN_1760741,0.6941666666666666
ILMN_2244547,0.6941666666666666
ILMN_2384241,0.6933333333333334
ILMN_1678191,0.6933333333333334
ILMN_2401826,0.6933333333333334
ILMN_1672148,0.6933333333333334
ILMN_1796490,0.6933333333333334
ILMN_1815445,0.6933333333333334
ILMN_1651364,0.6933333333333334
ILMN_1776953,0.6933333333333334
ILMN_1669114,0.6933333333333334
ILMN_1785439,0.6933333333333334
ILMN_1790689,0.6933333333333334
ILMN_1691559,0.6933333333333334
ILMN_2206722,0.6933333333333334
ILMN_1795388,0.6933333333333334
ILMN_1786016,0.6933333333333334
ILMN_1770015,0.6933333333333332
ILMN_2377025,0.6933333333333332
ILMN_1738784,0.6933333333333332
ILMN_1734895,0.6933333333333332
ILMN_1783120,0.6933333333333332
ILMN_2410826,0.6925000000000001
ILMN_1739726,0.6925
ILMN_1813957,0.6925
ILMN_1793724,0.6925
ILMN_2344283,0.6925
ILMN_1815773,0.6925
ILMN_1671554,0.6925
ILMN_2410742,0.6925
ILMN_1796734,0.6925
ILMN_1783394,0.6916666666666667
ILMN_2111255,0.6916666666666667
ILMN_1722158,0.6916666666666667
ILMN_1802380,0.6916666666666667
ILMN_1728305,0.6916666666666667
ILMN_1811313,0.6916666666666667
ILMN_1721225,0.6916666666666667
ILMN_1693233,0.6916666666666667
ILMN_2125374,0.6916666666666667
ILMN_3236858,0.6916666666666667
ILMN_1807968,0.6908333333333333
ILMN_1799889,0.6908333333333333
ILMN_1762260,0.6908333333333333
ILMN_3308886,0.6908333333333333
ILMN_1791306,0.6908333333333333
ILMN_1733970,0.6908333333333333
ILMN_1807169,0.6908333333333333
ILMN_1761882,0.6908333333333333
ILMN_1720965,0.6908333333333333
ILMN_1736670,0.6908333333333333
ILMN_1697460,0.6908333333333333
ILMN_1788874,0.6908333333333333
ILMN_1664960,0.6900000000000001
ILMN_1724612,0.6900000000000001
ILMN_1671314,0.69
ILMN_1797744,0.69
ILMN_1779257,0.6891666666666667
ILMN_1666893,0.6883333333333334
ILMN_2371079,0.6833333333333333
ILMN_2310968,0.6833333333333333
ILMN_2374778,0.6833333333333333
ILMN_2050183,0.6833333333333333
ILMN_1709265,0.6833333333333333
ILMN_2407346,0.6833333333333333
ILMN_1725105,0.6825
ILMN_1741572,0.6825
ILMN_1665437,0.6825
ILMN_1712729,0.6824999999999999
ILMN_1695792,0.6824999999999999
ILMN_1784269,0.6824999999999999
ILMN_1665859,0.6824999999999999
ILMN_2215824,0.6816666666666666
ILMN_2117330,0.6816666666666666
ILMN_1794386,0.6816666666666666
ILMN_2191803,0.6816666666666666
ILMN_1705116,0.6816666666666666
ILMN_2188451,0.6816666666666666
ILMN_1770388,0.6816666666666666
ILMN_3307659,0.6816666666666666
ILMN_1683609,0.6816666666666666
ILMN_1707858,0.6816666666666666
ILMN_2143427,0.6816666666666666
ILMN_3244583,0.6816666666666666
ILMN_1768575,0.6816666666666666
ILMN_1771264,0.6808333333333334
ILMN_1703864,0.6808333333333334
ILMN_2120247,0.6808333333333334
ILMN_1673899,0.6808333333333334
ILMN_2149292,0.6808333333333334
ILMN_2142117,0.6808333333333334
ILMN_3244526,0.6808333333333334
ILMN_1690625,0.6808333333333334
ILMN_1686748,0.6808333333333334
ILMN_1707448,0.6808333333333334
ILMN_2283001,0.6808333333333334
ILMN_3238740,0.6808333333333334
ILMN_2360710,0.6808333333333333
ILMN_1747436,0.6808333333333333
ILMN_1793615,0.6808333333333333
ILMN_1751464,0.68
ILMN_2220518,0.68
ILMN_2149204,0.68
ILMN_1724148,0.6799999999999999
ILMN_1652244,0.6799999999999999
ILMN_1676822,0.6799999999999999
ILMN_1671005,0.6799999999999999
ILMN_1717714,0.6799999999999999
ILMN_1789624,0.6799999999999999
ILMN_1781943,0.6799999999999999
ILMN_1734596,0.6799999999999999
ILMN_1804737,0.6799999999999999
ILMN_1658858,0.6799999999999999
ILMN_1668179,0.6799999999999999
ILMN_1685540,0.6799999999999999
ILMN_1663793,0.6799999999999999
ILMN_1737728,0.6799999999999999
ILMN_1805526,0.6799999999999999
ILMN_1662556,0.6799999999999999
ILMN_1769883,0.6799999999999999
ILMN_1708983,0.6799999999999999
ILMN_1802456,0.6799999999999999
ILMN_1753101,0.6799999999999999
ILMN_1708508,0.6799999999999999
ILMN_1808047,0.6799999999999999
ILMN_1725121,0.6799999999999999
ILMN_1673370,0.6799999999999999
ILMN_1735301,0.6799999999999999
ILMN_2076658,0.6799999999999999
ILMN_1719616,0.6799999999999999
ILMN_1789040,0.6791666666666667
ILMN_1669773,0.6791666666666667
ILMN_2374449,0.6791666666666667
ILMN_2233229,0.6791666666666667
ILMN_2189675,0.6791666666666667
ILMN_1811616,0.6791666666666667
ILMN_1696230,0.6791666666666667
ILMN_1680683,0.6791666666666667
ILMN_2395711,0.6791666666666667
ILMN_2115696,0.6791666666666667
ILMN_1750062,0.6791666666666667
ILMN_1751576,0.6791666666666666
ILMN_1659649,0.6791666666666666
ILMN_1767006,0.6791666666666666
ILMN_1748272,0.6791666666666666
ILMN_1807088,0.6791666666666666
ILMN_1687721,0.6791666666666666
ILMN_2289924,0.6791666666666666
ILMN_2248589,0.6791666666666666
ILMN_1757262,0.6783333333333333
ILMN_1788764,0.6783333333333333
ILMN_3235065,0.6783333333333333
ILMN_1677955,0.6783333333333333
ILMN_3251728,0.6783333333333333
ILMN_2314417,0.6783333333333333
ILMN_2327994,0.6783333333333333
ILMN_2077952,0.6783333333333333
ILMN_1680339,0.6783333333333333
ILMN_1784860,0.6783333333333333
ILMN_2095840,0.6783333333333333
ILMN_2067370,0.6783333333333333
ILMN_2384122,0.6783333333333333
ILMN_3243921,0.6775
ILMN_1697472,0.6775
ILMN_1798700,0.6775
ILMN_1794707,0.6775
ILMN_1805796,0.6775
ILMN_1690939,0.6741666666666667
ILMN_1743049,0.6708333333333334
ILMN_1723021,0.67
ILMN_1659610,0.6699999999999999
ILMN_1737344,0.6699999999999999
ILMN_1799743,0.6691666666666667
ILMN_1657347,0.6691666666666667
ILMN_1813701,0.6691666666666667
ILMN_1702738,0.6691666666666667
ILMN_1768772,0.6691666666666667
ILMN_1782558,0.6691666666666667
ILMN_3239031,0.6691666666666667
ILMN_1742052,0.6691666666666667
ILMN_3240765,0.6691666666666667
ILMN_1791728,0.6691666666666667
ILMN_1672366,0.6683333333333333
ILMN_1754304,0.6683333333333333
ILMN_1802434,0.6683333333333333
ILMN_1719039,0.6683333333333333
ILMN_3239568,0.6683333333333333
ILMN_1721989,0.6683333333333333
ILMN_1749641,0.6683333333333333
ILMN_2215656,0.6683333333333333
ILMN_1732985,0.6683333333333333
ILMN_3239113,0.6683333333333333
ILMN_1732182,0.6683333333333333
ILMN_1795704,0.6683333333333332
ILMN_1655796,0.6683333333333332
ILMN_1770228,0.6683333333333332
ILMN_1767811,0.6683333333333332
ILMN_1674817,0.6683333333333332
ILMN_3244987,0.6683333333333332
ILMN_2227968,0.6675000000000001
ILMN_2409520,0.6675
ILMN_2067852,0.6675
ILMN_1760180,0.6675
ILMN_1672149,0.6675
ILMN_1714691,0.6675
ILMN_1681641,0.6675
ILMN_1728663,0.6675
ILMN_1811489,0.6675
ILMN_1694514,0.6675
ILMN_1654065,0.6675
ILMN_2160005,0.6675
ILMN_1679299,0.6675
ILMN_1809963,0.6675
ILMN_1694194,0.6675
ILMN_1753823,0.6675
ILMN_1747184,0.6675
ILMN_1664861,0.6675
ILMN_3243527,0.6675
ILMN_1653278,0.6675
ILMN_1720695,0.6666666666666667
ILMN_1725899,0.6666666666666667
ILMN_3239475,0.6666666666666667
ILMN_1765994,0.6666666666666667
ILMN_1733690,0.6666666666666667
ILMN_1691293,0.6666666666666667
ILMN_1697790,0.6666666666666667
ILMN_1785795,0.6666666666666667
ILMN_2310814,0.6666666666666667
ILMN_3237745,0.6666666666666666
ILMN_1657064,0.6666666666666666
ILMN_3241099,0.6666666666666666
ILMN_2122760,0.6666666666666666
ILMN_2322972,0.6666666666666666
ILMN_1655876,0.6666666666666666
ILMN_1785010,0.6666666666666666
ILMN_3247504,0.6666666666666666
ILMN_1772876,0.6666666666666666
ILMN_1661142,0.6658333333333333
ILMN_1673886,0.6658333333333333
ILMN_3251409,0.6658333333333333
ILMN_2193553,0.6658333333333333
ILMN_2407824,0.6658333333333333
ILMN_1779373,0.6658333333333333
ILMN_1722423,0.6658333333333333
ILMN_1800396,0.6658333333333333
ILMN_1735463,0.6658333333333333
ILMN_2233783,0.6658333333333333
ILMN_1784655,0.6658333333333333
ILMN_3239576,0.6658333333333333
ILMN_1724893,0.665
ILMN_1688892,0.665
ILMN_1780170,0.665
ILMN_1725139,0.665
ILMN_1746138,0.665
ILMN_1691071,0.665
ILMN_2140389,0.665
ILMN_1776998,0.6649999999999999
ILMN_1696767,0.6649999999999999
ILMN_1657873,0.6649999999999999
ILMN_2275502,0.6641666666666667
ILMN_1667232,0.6641666666666667
ILMN_2051684,0.6641666666666667
ILMN_3240420,0.6641666666666667
ILMN_1654939,0.6633333333333333
ILMN_1762696,0.6625
ILMN_1760049,0.6583333333333334
ILMN_3307940,0.6583333333333334
ILMN_1792415,0.6583333333333334
ILMN_1772302,0.6583333333333334
ILMN_1743784,0.6583333333333334
ILMN_1711208,0.6583333333333333
ILMN_2361768,0.6583333333333333
ILMN_1705297,0.6575
ILMN_3238221,0.6575
ILMN_1668657,0.6575
ILMN_1791511,0.6566666666666666
ILMN_1793770,0.6566666666666666
ILMN_1769416,0.6566666666666666
ILMN_1783852,0.6566666666666666
ILMN_1669497,0.6566666666666666
ILMN_1801124,0.6566666666666666
ILMN_1773963,0.6566666666666666
ILMN_1674380,0.6558333333333334
ILMN_1776435,0.6558333333333334
ILMN_1735712,0.6558333333333334
ILMN_1767643,0.6558333333333334
ILMN_1768425,0.6558333333333334
ILMN_1654031,0.6558333333333334
ILMN_1805474,0.6558333333333334
ILMN_1761519,0.6558333333333334
ILMN_1713290,0.6558333333333334
ILMN_1766245,0.6558333333333334
ILMN_1691575,0.6558333333333333
ILMN_1683916,0.6558333333333333
ILMN_1671365,0.6558333333333333
ILMN_3297880,0.6558333333333333
ILMN_1666076,0.6558333333333333
ILMN_1777584,0.6558333333333333
ILMN_2191720,0.655
ILMN_1704063,0.655
ILMN_1789464,0.655
ILMN_1688953,0.655
ILMN_2105966,0.655
ILMN_2202134,0.655
ILMN_1798379,0.655
ILMN_1701477,0.655
ILMN_1760109,0.655
ILMN_1745420,0.655
ILMN_1739496,0.655
ILMN_1807596,0.655
ILMN_2076463,0.655
ILMN_1805636,0.655
ILMN_2406084,0.655
ILMN_1752884,0.6541666666666667
ILMN_1781207,0.6541666666666667
ILMN_3236955,0.6541666666666667
ILMN_1808405,0.6541666666666667
ILMN_1695640,0.6541666666666667
ILMN_1758529,0.6541666666666667
ILMN_2392546,0.6541666666666667
ILMN_2189306,0.6541666666666667
ILMN_1722056,0.6541666666666667
ILMN_2409318,0.6541666666666667
ILMN_1670385,0.6541666666666667
ILMN_1713351,0.6541666666666667
ILMN_1702592,0.6541666666666667
ILMN_1725738,0.6541666666666666
ILMN_1793543,0.6541666666666666
ILMN_1722726,0.6541666666666666
ILMN_1740842,0.6541666666666666
ILMN_1683470,0.6541666666666666
ILMN_1761981,0.6541666666666666
ILMN_1782079,0.6541666666666666
ILMN_2394250,0.6541666666666666
ILMN_1732187,0.6541666666666666
ILMN_3244029,0.6541666666666666
ILMN_2072541,0.6541666666666666
ILMN_2322356,0.6533333333333333
ILMN_1746929,0.6533333333333333
ILMN_1798014,0.6533333333333333
ILMN_3240168,0.6533333333333333
ILMN_1680130,0.6533333333333333
ILMN_2277077,0.6533333333333333
ILMN_1715804,0.6533333333333333
ILMN_1786353,0.6533333333333333
ILMN_2123730,0.6533333333333333
ILMN_2225537,0.6533333333333333
ILMN_1672157,0.6533333333333333
ILMN_1679178,0.6533333333333333
ILMN_1762284,0.6533333333333333
ILMN_1704531,0.6533333333333333
ILMN_1792712,0.6533333333333333
ILMN_2104141,0.6533333333333333
ILMN_1658110,0.6533333333333333
ILMN_2211739,0.6525000000000001
ILMN_3244597,0.6525000000000001
ILMN_3243441,0.6525000000000001
ILMN_2152429,0.6525000000000001
ILMN_1726711,0.6525000000000001
ILMN_1685005,0.6525000000000001
ILMN_3271098,0.6525000000000001
ILMN_1698846,0.6525000000000001
ILMN_1708348,0.6525000000000001
ILMN_3256325,0.6525000000000001
ILMN_1691567,0.6525
ILMN_2343361,0.6525
ILMN_2394523,0.6516666666666666
ILMN_1671898,0.6516666666666666
ILMN_1740502,0.6516666666666666
ILMN_1727184,0.6508333333333333
ILMN_1745826,0.6508333333333333
ILMN_1705080,0.65
ILMN_1742026,0.6466666666666667
ILMN_1685699,0.645
ILMN_1734288,0.645
ILMN_3245452,0.6441666666666667
ILMN_1742923,0.6441666666666667
ILMN_1655229,0.6441666666666667
ILMN_1659688,0.6441666666666667
ILMN_2288784,0.6441666666666667
ILMN_2102670,0.6441666666666667
ILMN_2352293,0.6433333333333333
ILMN_1657515,0.6433333333333333
ILMN_1652072,0.6433333333333333
ILMN_1652650,0.6433333333333333
ILMN_2120917,0.6433333333333333
ILMN_1733811,0.6433333333333333
ILMN_2056687,0.6433333333333333
ILMN_1713803,0.6433333333333333
ILMN_2297864,0.6433333333333333
ILMN_1663379,0.6433333333333333
ILMN_1717490,0.6425000000000001
ILMN_1682404,0.6425000000000001
ILMN_1657634,0.6425
ILMN_1757723,0.6425
ILMN_1778831,0.6425
ILMN_1770130,0.6425
ILMN_1667839,0.6425
ILMN_1705515,0.6425
ILMN_1723235,0.6425
ILMN_1710524,0.6425
ILMN_3309759,0.6425
ILMN_2211235,0.6425
ILMN_1772113,0.6425
ILMN_1706051,0.6425
ILMN_1744113,0.6425
ILMN_1797184,0.6425
ILMN_2349444,0.6425
ILMN_1686573,0.6416666666666667
ILMN_1743296,0.6416666666666667
ILMN_1673030,0.6416666666666667
ILMN_1803819,0.6416666666666667
ILMN_1740216,0.6416666666666667
ILMN_1743299,0.6416666666666667
ILMN_3240470,0.6416666666666666
ILMN_3245611,0.6416666666666666
ILMN_1770977,0.6416666666666666
ILMN_1738657,0.6416666666666666
ILMN_1757439,0.6416666666666666
ILMN_2115218,0.6416666666666666
ILMN_1804789,0.6416666666666666
ILMN_3238375,0.6416666666666666
ILMN_3237641,0.6416666666666666
ILMN_1782704,0.6408333333333334
ILMN_1788109,0.6408333333333334
ILMN_1810978,0.6408333333333334
ILMN_1672350,0.6408333333333334
ILMN_1791656,0.6408333333333334
ILMN_1722583,0.6408333333333334
ILMN_1726496,0.6408333333333334
ILMN_1677497,0.6408333333333334
ILMN_1695945,0.6408333333333334
ILMN_1751338,0.6408333333333334
ILMN_3236367,0.6408333333333334
ILMN_1719165,0.6408333333333334
ILMN_1704730,0.64
ILMN_1733746,0.64
ILMN_2052135,0.64
ILMN_1749368,0.64
ILMN_2311518,0.64
ILMN_1743445,0.64
ILMN_1752299,0.6399999999999999
ILMN_1678186,0.6399999999999999
ILMN_1737817,0.6399999999999999
ILMN_1771544,0.6399999999999999
ILMN_1776936,0.6391666666666667
ILMN_1786498,0.6391666666666667
ILMN_1748538,0.6391666666666667
ILMN_1726225,0.6391666666666667
ILMN_3250398,0.6391666666666667
ILMN_2207291,0.6391666666666667
ILMN_3236965,0.6391666666666667
ILMN_1779341,0.6391666666666667
ILMN_1706873,0.6391666666666667
ILMN_1674151,0.6391666666666667
ILMN_1720114,0.6391666666666667
ILMN_1781680,0.6391666666666667
ILMN_2139816,0.6391666666666667
ILMN_1771051,0.6391666666666667
ILMN_1675331,0.6383333333333333
ILMN_3244574,0.6383333333333333
ILMN_1701918,0.6383333333333333
ILMN_1792110,0.6383333333333333
ILMN_1813641,0.6375
ILMN_3192001,0.6375
ILMN_1665107,0.6325
ILMN_1738116,0.6325
ILMN_2358784,0.6316666666666666
ILMN_1665425,0.6316666666666666
ILMN_1755352,0.6316666666666666
ILMN_2288070,0.6316666666666666
ILMN_2211032,0.6316666666666666
ILMN_1778560,0.6316666666666666
ILMN_1771411,0.6316666666666666
ILMN_1796397,0.6316666666666666
ILMN_2085760,0.6308333333333334
ILMN_1669362,0.6308333333333334
ILMN_1739222,0.6308333333333334
ILMN_1676192,0.6308333333333334
ILMN_1661945,0.6308333333333334
ILMN_1701170,0.6308333333333332
ILMN_1775931,0.63
ILMN_1737640,0.63
ILMN_1755290,0.63
ILMN_1814213,0.63
ILMN_1679011,0.63
ILMN_3251361,0.63
ILMN_1692638,0.63
ILMN_1813561,0.63
ILMN_1717099,0.63
ILMN_2072622,0.63
ILMN_1808634,0.63
ILMN_2126055,0.63
ILMN_2393765,0.6291666666666667
ILMN_1784515,0.6291666666666667
ILMN_1723684,0.6291666666666667
ILMN_1734611,0.6291666666666667
ILMN_1766955,0.6291666666666667
ILMN_1654866,0.6291666666666667
ILMN_1767837,0.6291666666666667
ILMN_1665647,0.6291666666666667
ILMN_1728047,0.6291666666666667
ILMN_3297126,0.6291666666666667
ILMN_1766593,0.6291666666666667
ILMN_2087303,0.6291666666666667
ILMN_1724059,0.6291666666666667
ILMN_1711269,0.6291666666666667
ILMN_2194229,0.6291666666666667
ILMN_2089977,0.6291666666666667
ILMN_2382505,0.6291666666666667
ILMN_1682792,0.6291666666666667
ILMN_1795838,0.6283333333333333
ILMN_1812297,0.6283333333333333
ILMN_1691483,0.6283333333333333
ILMN_2185884,0.6283333333333333
ILMN_1723436,0.6283333333333333
ILMN_2364110,0.6283333333333333
ILMN_1677962,0.6283333333333333
ILMN_1672174,0.6283333333333333
ILMN_1663454,0.6283333333333333
ILMN_1763390,0.6283333333333333
ILMN_2112638,0.6283333333333333
ILMN_1791890,0.6283333333333333
ILMN_1669377,0.6283333333333333
ILMN_1765801,0.6283333333333333
ILMN_1793522,0.6283333333333333
ILMN_2301722,0.6275000000000001
ILMN_1773741,0.6275000000000001
ILMN_3235171,0.6275000000000001
ILMN_1764970,0.6275000000000001
ILMN_1748908,0.6275000000000001
ILMN_1720241,0.6275000000000001
ILMN_1731619,0.6275000000000001
ILMN_2332105,0.6275000000000001
ILMN_1792356,0.6275
ILMN_1769720,0.6275
ILMN_1810725,0.6275
ILMN_1794468,0.6275
ILMN_1800332,0.6275
ILMN_1749362,0.6275
ILMN_1718831,0.6275
ILMN_2184966,0.6266666666666667
ILMN_1734428,0.6266666666666667
ILMN_1775012,0.6266666666666667
ILMN_1667692,0.6266666666666667
ILMN_2410523,0.6266666666666667
ILMN_1753524,0.6258333333333334
ILMN_1654385,0.6258333333333334
ILMN_1783743,0.6258333333333334
ILMN_2337928,0.6258333333333334
ILMN_1692225,0.6258333333333332
ILMN_2304624,0.625
ILMN_1787026,0.62
ILMN_1810025,0.6191666666666666
ILMN_1687074,0.6191666666666666
ILMN_1754053,0.6183333333333334
ILMN_1788098,0.6183333333333334
ILMN_1810797,0.6183333333333333
ILMN_2361570,0.6183333333333333
ILMN_1687410,0.6175
ILMN_1680102,0.6174999999999999
ILMN_3238233,0.6174999999999999
ILMN_2141118,0.6174999999999999
ILMN_1691790,0.6174999999999999
ILMN_1712678,0.6174999999999999
ILMN_1694070,0.6174999999999999
ILMN_1767690,0.6174999999999999
ILMN_3242977,0.6174999999999999
ILMN_1684802,0.6174999999999999
ILMN_1746116,0.6166666666666667
ILMN_3240187,0.6166666666666667
ILMN_2346479,0.6166666666666667
ILMN_1791647,0.6166666666666667
ILMN_1730879,0.6166666666666667
ILMN_1708223,0.6166666666666667
ILMN_3242335,0.6166666666666667
ILMN_1731064,0.6166666666666667
ILMN_1723115,0.6166666666666667
ILMN_1779034,0.6166666666666667
ILMN_2368834,0.6166666666666667
ILMN_1745807,0.6166666666666667
ILMN_2302716,0.6166666666666667
ILMN_1801307,0.6166666666666666
ILMN_2106107,0.6166666666666666
ILMN_1671191,0.6166666666666666
ILMN_1722292,0.6166666666666666
ILMN_2284941,0.6158333333333333
ILMN_1722838,0.6158333333333333
ILMN_1728698,0.6158333333333333
ILMN_1793123,0.6158333333333333
ILMN_2399694,0.6158333333333333
ILMN_1704665,0.6158333333333333
ILMN_1702740,0.6158333333333333
ILMN_1661491,0.6158333333333333
ILMN_1655382,0.6158333333333333
ILMN_1786036,0.6158333333333333
ILMN_1683533,0.6158333333333333
ILMN_3238269,0.6158333333333333
ILMN_1706969,0.6158333333333333
ILMN_1738989,0.6158333333333333
ILMN_1711853,0.6158333333333333
ILMN_1756445,0.6158333333333333
ILMN_1697919,0.615
ILMN_1720996,0.615
ILMN_1738268,0.615
ILMN_1656979,0.615
ILMN_2135339,0.615
ILMN_2072568,0.615
ILMN_1739259,0.615
ILMN_2376108,0.615
ILMN_2396947,0.615
ILMN_1651557,0.615
ILMN_1764201,0.615
ILMN_1771238,0.615
ILMN_1716553,0.6141666666666666
ILMN_3238123,0.6141666666666666
ILMN_3308295,0.6141666666666666
ILMN_1765746,0.6141666666666666
ILMN_1700628,0.6141666666666666
ILMN_2356909,0.6141666666666666
ILMN_1739513,0.6141666666666666
ILMN_2371724,0.6141666666666666
ILMN_1764617,0.6141666666666666
ILMN_1671600,0.6133333333333334
ILMN_1676504,0.6133333333333334
ILMN_1769556,0.6133333333333333
ILMN_1770339,0.6133333333333333
ILMN_2143671,0.6133333333333333
ILMN_1694269,0.6133333333333333
ILMN_1721411,0.6125
ILMN_1739083,0.6125
ILMN_1722820,0.6125
ILMN_2244631,0.6066666666666667
ILMN_2120695,0.6066666666666667
ILMN_1743367,0.6066666666666667
ILMN_1654392,0.6058333333333333
ILMN_1809495,0.6058333333333333
ILMN_1705783,0.6058333333333333
ILMN_1659285,0.6050000000000001
ILMN_1782845,0.605
ILMN_2393693,0.605
ILMN_1744487,0.605
ILMN_3240721,0.605
ILMN_2237428,0.605
ILMN_1680144,0.6041666666666667
ILMN_1802397,0.6041666666666667
ILMN_2052331,0.6041666666666667
ILMN_1726783,0.6041666666666667
ILMN_1779706,0.6041666666666667
ILMN_1815051,0.6041666666666667
ILMN_2201678,0.6041666666666666
ILMN_1788347,0.6041666666666666
ILMN_1754241,0.6033333333333333
ILMN_1798992,0.6033333333333333
ILMN_1669070,0.6033333333333333
ILMN_1778523,0.6033333333333333
ILMN_2217809,0.6033333333333333
ILMN_1773623,0.6033333333333333
ILMN_1699606,0.6033333333333333
ILMN_1669252,0.6033333333333333
ILMN_3250201,0.6033333333333333
ILMN_1789839,0.6033333333333333
ILMN_1696375,0.6033333333333333
ILMN_1800958,0.6033333333333333
ILMN_2149971,0.6033333333333333
ILMN_2317543,0.6033333333333333
ILMN_2323087,0.6025
ILMN_1814924,0.6025
ILMN_1787691,0.6025
ILMN_1760792,0.6025
ILMN_1786211,0.6025
ILMN_1768271,0.6025
ILMN_1689711,0.6024999999999999
ILMN_1667609,0.6024999999999999
ILMN_3236224,0.6016666666666667
ILMN_2143314,0.6016666666666667
ILMN_1698533,0.6016666666666667
ILMN_1758057,0.6016666666666667
ILMN_1810436,0.6016666666666667
ILMN_1668185,0.6016666666666667
ILMN_1772036,0.6016666666666667
ILMN_1697054,0.6008333333333333
ILMN_2345016,0.6008333333333333
ILMN_1688938,0.6008333333333333
ILMN_1803855,0.6008333333333333
ILMN_1813682,0.6008333333333333
ILMN_2367638,0.6
ILMN_1782275,0.6
ILMN_3269775,0.5933333333333334
ILMN_2049063,0.5933333333333334
ILMN_2078334,0.5933333333333334
ILMN_1740762,0.5933333333333333
ILMN_1768925,0.5925
ILMN_1734366,0.5925
ILMN_2374683,0.5925
ILMN_1759312,0.5925
ILMN_1796755,0.5925
ILMN_1808546,0.5916666666666667
ILMN_2142284,0.5916666666666667
ILMN_1762605,0.5916666666666667
ILMN_3245418,0.5916666666666667
ILMN_1763524,0.5916666666666667
ILMN_2272708,0.5916666666666667
ILMN_2225718,0.5916666666666667
ILMN_1728724,0.5916666666666666
ILMN_1781148,0.5916666666666666
ILMN_1781791,0.5916666666666666
ILMN_1723542,0.5908333333333333
ILMN_1660544,0.5908333333333333
ILMN_1669714,0.5908333333333333
ILMN_1680507,0.5908333333333333
ILMN_1790885,0.5908333333333333
ILMN_1767343,0.5908333333333333
ILMN_1733045,0.5908333333333333
ILMN_2108025,0.5900000000000001
ILMN_2113807,0.5900000000000001
ILMN_1689874,0.5900000000000001
ILMN_2152828,0.5900000000000001
ILMN_1740170,0.5900000000000001
ILMN_1748241,0.5900000000000001
ILMN_1722533,0.5900000000000001
ILMN_1652780,0.5900000000000001
ILMN_1725620,0.5900000000000001
ILMN_1720710,0.59
ILMN_1789502,0.59
ILMN_1779043,0.59
ILMN_1773337,0.59
ILMN_1767541,0.59
ILMN_1665510,0.59
ILMN_2200659,0.59
ILMN_1688753,0.59
ILMN_3240077,0.5891666666666666
ILMN_1758039,0.5891666666666666
ILMN_1703412,0.5891666666666666
ILMN_2353023,0.5891666666666666
ILMN_1718387,0.5891666666666666
ILMN_1716821,0.5891666666666666
ILMN_2370019,0.5891666666666666
ILMN_1662910,0.5883333333333334
ILMN_3194638,0.5883333333333334
ILMN_1788053,0.5883333333333334
ILMN_1702255,0.5883333333333334
ILMN_1661631,0.5883333333333333
ILMN_1782870,0.5883333333333333
ILMN_2043845,0.5875
ILMN_1661637,0.5875
ILMN_1730999,0.5875
ILMN_1759513,0.5866666666666667
ILMN_1712913,0.5866666666666667
ILMN_1796847,0.585
ILMN_1705733,0.5816666666666667
ILMN_1713952,0.5808333333333333
ILMN_1801387,0.58
ILMN_1707169,0.58
ILMN_1761464,0.58
ILMN_1667381,0.5791666666666667
ILMN_1725862,0.5791666666666667
ILMN_2219683,0.5791666666666666
ILMN_1727790,0.5791666666666666
ILMN_1676731,0.5791666666666666
ILMN_2415634,0.5783333333333334
ILMN_2209088,0.5783333333333334
ILMN_2143685,0.5783333333333334
ILMN_1752340,0.5783333333333334
ILMN_1800142,0.5783333333333334
ILMN_1713840,0.5775
ILMN_1721333,0.5775
ILMN_2050255,0.5775
ILMN_1773413,0.5775
ILMN_2083833,0.5775
ILMN_1727840,0.5774999999999999
ILMN_1713749,0.5774999999999999
ILMN_1800733,0.5774999999999999
ILMN_1684497,0.5766666666666668
ILMN_1654246,0.5766666666666667
ILMN_1777129,0.5766666666666667
ILMN_1782716,0.5766666666666667
ILMN_3250899,0.5766666666666667
ILMN_1813795,0.5766666666666667
ILMN_2369756,0.5758333333333334
ILMN_3244110,0.5758333333333334
ILMN_1805842,0.5758333333333333
ILMN_1716407,0.5758333333333333
ILMN_1721628,0.5758333333333333
ILMN_2342554,0.5758333333333333
ILMN_1668760,0.575
ILMN_2371458,0.5683333333333332
ILMN_2322996,0.5666666666666667
ILMN_1729455,0.5666666666666667
ILMN_1815812,0.5666666666666667
ILMN_1709541,0.5666666666666667
ILMN_2072178,0.5658333333333333
ILMN_2218208,0.5658333333333333
ILMN_1665887,0.5658333333333333
ILMN_1743910,0.5658333333333333
ILMN_1803036,0.5658333333333333
ILMN_1770152,0.5658333333333333
ILMN_1652366,0.5658333333333333
ILMN_2191822,0.5650000000000001
ILMN_2344650,0.5650000000000001
ILMN_1804316,0.565
ILMN_2234605,0.5641666666666667
ILMN_1778319,0.5641666666666667
ILMN_1800331,0.5641666666666667
ILMN_1724422,0.5641666666666667
ILMN_2353431,0.5641666666666667
ILMN_2095273,0.5641666666666667
ILMN_1677122,0.5633333333333334
ILMN_3307944,0.5633333333333334
ILMN_1709486,0.5633333333333334
ILMN_1671402,0.5633333333333332
ILMN_1703273,0.5633333333333332
ILMN_2094776,0.5625
ILMN_1728779,0.5625
ILMN_1678268,0.5625
ILMN_1738750,0.5625
ILMN_1759250,0.5616666666666668
ILMN_1771233,0.5549999999999999
ILMN_2119774,0.5541666666666667
ILMN_3241941,0.5541666666666667
ILMN_3187771,0.5541666666666666
ILMN_3238680,0.5533333333333333
ILMN_1703142,0.5533333333333333
ILMN_1681324,0.5533333333333333
ILMN_1657509,0.5533333333333333
ILMN_1730645,0.5525
ILMN_1653428,0.5525
ILMN_2353697,0.5525
ILMN_1740960,0.5525
ILMN_2411745,0.5525
ILMN_1713402,0.5525
ILMN_3307668,0.5525
ILMN_1689389,0.5516666666666666
ILMN_1768640,0.5516666666666666
ILMN_1756935,0.5516666666666666
ILMN_1698323,0.5516666666666666
ILMN_1798624,0.5516666666666666
ILMN_1811195,0.5516666666666666
ILMN_1767113,0.5508333333333334
ILMN_1700606,0.5508333333333334
ILMN_1749553,0.5508333333333333
ILMN_3240446,0.55
ILMN_1655622,0.55
ILMN_2199926,0.55
ILMN_1670282,0.55
ILMN_1797530,0.5416666666666667
ILMN_1738207,0.5408333333333333
ILMN_2395375,0.5399999999999999
ILMN_3251610,0.5399999999999999
ILMN_1669299,0.5391666666666667
ILMN_2374728,0.5391666666666667
ILMN_1712786,0.5391666666666667
ILMN_1696383,0.5391666666666667
ILMN_2303912,0.5391666666666667
ILMN_1702759,0.5391666666666667
ILMN_1752075,0.5383333333333333
ILMN_1724493,0.5383333333333333
ILMN_1661197,0.5383333333333333
ILMN_1795063,0.5375
ILMN_3238676,0.5358333333333334
ILMN_1701967,0.5333333333333333
ILMN_1656691,0.53
ILMN_3241087,0.5283333333333333
ILMN_1738468,0.5283333333333333
ILMN_1659339,0.5258333333333334
ILMN_1745217,0.5258333333333334
ILMN_2324584,0.5258333333333333
ILMN_1663976,0.525
ILMN_1701483,0.525
ILMN_1732767,0.5241666666666667
ILMN_1724306,0.5225000000000001
ILMN_2378100,0.515
ILMN_1699357,0.5149999999999999
ILMN_3244521,0.5149999999999999
ILMN_1794074,0.5141666666666667
ILMN_1808587,0.5141666666666667
ILMN_3240829,0.5141666666666667
ILMN_1699562,0.5141666666666667
ILMN_1762103,0.5133333333333334
ILMN_2377093,0.5125
ILMN_2365569,0.5116666666666666
ILMN_1732489,0.5116666666666666
ILMN_1676363,0.5116666666666666
ILMN_1741422,0.5108333333333334
ILMN_2369603,0.5016666666666667
ILMN_1801205,0.5016666666666667
ILMN_1809566,0.5
ILMN_2408543,0.5
ILMN_3249281,0.49833333333333335
ILMN_2358886,0.49749999999999994
ILMN_1741148,0.4883333333333333
ILMN_2069399,0.4875
ILMN_1767090,0.47833333333333333
ILMN_1775522,0.4758333333333334
ILMN_3245764,0.475
ILMN_2225746,0.47333333333333333
ILMN_1754244,0.4625
